{
  "loss": [
    1.5360809564590454,
    0.5895079374313354,
    0.3728390038013458,
    0.30751755833625793,
    0.23719051480293274,
    0.1950577050447464,
    0.17336837947368622,
    0.15735092759132385,
    0.12298517674207687,
    0.10924498736858368,
    0.10804177820682526,
    0.09646032005548477,
    0.09609288722276688,
    0.09940516203641891
  ],
  "accuracy": [
    0.5902366638183594,
    0.8934911489486694,
    0.9171597361564636,
    0.9349112510681152,
    0.9526627063751221,
    0.9704142212867737,
    0.9630177617073059,
    0.9778106212615967,
    0.9807692170143127,
    0.9852070808410645,
    0.9792899489402771,
    0.9837278127670288,
    0.9837278127670288,
    0.9822485446929932
  ],
  "val_loss": [
    0.6145700216293335,
    0.277147114276886,
    0.16791686415672302,
    0.12453266978263855,
    0.1017877608537674,
    0.0874718576669693,
    0.07667050510644913,
    0.06105739250779152,
    0.05576924979686737,
    0.049464497715234756,
    0.0442625917494297,
    0.04372448846697807,
    0.03796980902552605,
    0.03264211118221283
  ],
  "val_accuracy": [
    0.9448275566101074,
    0.9655172228813171,
    0.9931034445762634,
    1.0,
    1.0,
    0.9931034445762634,
    1.0,
    1.0,
    1.0,
    1.0,
    1.0,
    1.0,
    1.0,
    1.0
  ],
  "lr": [
    0.0010000000474974513,
    0.0010000000474974513,
    0.0010000000474974513,
    0.0010000000474974513,
    0.0010000000474974513,
    0.0010000000474974513,
    0.0010000000474974513,
    0.0010000000474974513,
    0.0010000000474974513,
    0.0010000000474974513,
    0.0010000000474974513,
    0.0010000000474974513,
    0.0010000000474974513,
    0.0010000000474974513
  ]
}