{
  "loss": [
    2.2480275630950928,
    1.627945899963379,
    1.1419728994369507,
    0.8511208891868591,
    0.6623492240905762,
    0.5570669174194336,
    0.4900698959827423,
    0.38642770051956177,
    0.34040555357933044,
    0.3396455645561218,
    0.28525808453559875,
    0.2232595533132553,
    0.24139326810836792,
    0.18875549733638763,
    0.24558888375759125,
    0.18272575736045837,
    0.17594006657600403,
    0.16639301180839539,
    0.17161989212036133,
    0.13813142478466034,
    0.13520288467407227,
    0.12631849944591522,
    0.12223206460475922,
    0.14109757542610168
  ],
  "accuracy": [
    0.1708860695362091,
    0.5696202516555786,
    0.8227847814559937,
    0.8607594966888428,
    0.8860759735107422,
    0.9177215099334717,
    0.9303797483444214,
    0.9620253443717957,
    0.9683544039726257,
    0.949367105960846,
    0.9556962251663208,
    0.9936708807945251,
    0.9556962251663208,
    0.9810126423835754,
    0.9683544039726257,
    0.9936708807945251,
    0.9810126423835754,
    0.9873417615890503,
    0.9620253443717957,
    0.9936708807945251,
    0.9936708807945251,
    0.9873417615890503,
    1.0,
    0.9873417615890503
  ],
  "val_loss": [
    1.776167869567871,
    1.2393431663513184,
    0.8751431107521057,
    0.6436849236488342,
    0.48511576652526855,
    0.3961904048919678,
    0.3267374634742737,
    0.2756015360355377,
    0.2383674830198288,
    0.20975486934185028,
    0.18477602303028107,
    0.16967837512493134,
    0.15682506561279297,
    0.14442217350006104,
    0.13350923359394073,
    0.12917055189609528,
    0.12432727962732315,
    0.11520719528198242,
    0.11095738410949707,
    0.10812000185251236,
    0.10535033792257309,
    0.1006697341799736,
    0.09497880190610886,
    0.09159433841705322
  ],
  "val_accuracy": [
    0.6458333134651184,
    0.8125,
    0.9375,
    0.9375,
    0.9375,
    0.9375,
    0.9583333134651184,
    0.9583333134651184,
    0.9583333134651184,
    0.9583333134651184,
    0.9583333134651184,
    0.9583333134651184,
    0.9583333134651184,
    0.9791666865348816,
    0.9791666865348816,
    0.9791666865348816,
    0.9791666865348816,
    0.9791666865348816,
    0.9791666865348816,
    0.9791666865348816,
    0.9791666865348816,
    0.9791666865348816,
    0.9791666865348816,
    0.9791666865348816
  ],
  "lr": [
    0.0010000000474974513,
    0.0010000000474974513,
    0.0010000000474974513,
    0.0010000000474974513,
    0.0010000000474974513,
    0.0010000000474974513,
    0.0010000000474974513,
    0.0010000000474974513,
    0.0010000000474974513,
    0.0010000000474974513,
    0.0010000000474974513,
    0.0010000000474974513,
    0.0010000000474974513,
    0.0010000000474974513,
    0.0010000000474974513,
    0.0010000000474974513,
    0.0010000000474974513,
    0.0010000000474974513,
    0.0010000000474974513,
    0.0010000000474974513,
    0.0010000000474974513,
    0.0010000000474974513,
    0.0010000000474974513,
    0.0010000000474974513
  ]
}