{
  "model_name": "dog_breed_efficientnet_b3",
  "total_params": 10798905,
  "trainable_params": 15370,
  "input_shape": "(None, 300, 300, 3)",
  "output_shape": "(None, 10)",
  "timestamp": "2025-10-29T00:05:47.961375",
  "test_accuracy": 0.978723406791687,
  "test_loss": 0.13026827573776245,
  "best_val_accuracy": 0.9791666865348816,
  "epochs_trained": 24,
  "batch_size": 16,
  "learning_rate": 0.001
}